{
	"format_version": "1.21.11",
	"credit": "Made with Blockbench",
	"texture_size": [64, 64],
	"textures": {
		"0": "minecraft:item/custom/texture_barrier",
		"particle": "minecraft:item/custom/texture_barrier"
	},
	"elements": [
		{
			"name": "cube2",
			"from": [1, 1.14805, 2.22836],
			"to": [2, 15.14805, 3.22836],
			"rotation": {"angle": 22.5, "axis": "x", "origin": [1, 1.14805, -0.77164]},
			"faces": {
				"north": {"uv": [0.5, 2, 0.75, 5.5], "texture": "#0"},
				"east": {"uv": [0.75, 2, 1, 5.5], "texture": "#0"},
				"south": {"uv": [1.5, 1.75, 1.75, 5.25], "texture": "#0"},
				"west": {"uv": [1.75, 1.75, 2, 5.25], "texture": "#0"},
				"up": {"uv": [1.25, 2.25, 1, 2], "texture": "#0"},
				"down": {"uv": [1.5, 2, 1.25, 2.25], "texture": "#0"}
			}
		},
		{
			"name": "cube1",
			"from": [1, -0.72418, 10.92217],
			"to": [2, 13.27582, 11.92217],
			"rotation": {"angle": -22.5, "axis": "x", "origin": [1.5, 6.27582, 11.42217]},
			"faces": {
				"north": {"uv": [1.5, 1.75, 1.75, 5.25], "texture": "#0"},
				"east": {"uv": [1.75, 1.75, 2, 5.25], "texture": "#0"},
				"south": {"uv": [0.5, 2, 0.75, 5.5], "texture": "#0"},
				"west": {"uv": [0.75, 2, 1, 5.5], "texture": "#0"},
				"up": {"uv": [1.25, 2.25, 1, 2], "texture": "#0"},
				"down": {"uv": [1.5, 2, 1.25, 2.25], "texture": "#0"}
			}
		},
		{
			"name": "cube2",
			"from": [14, 1.14805, 2.22836],
			"to": [15, 15.14805, 3.22836],
			"rotation": {"angle": 22.5, "axis": "x", "origin": [14, 1.14805, -0.77164]},
			"faces": {
				"north": {"uv": [1.75, 1.75, 2, 5.25], "texture": "#0"},
				"east": {"uv": [0.5, 2, 0.75, 5.5], "texture": "#0"},
				"south": {"uv": [0.75, 2, 1, 5.5], "texture": "#0"},
				"west": {"uv": [1.5, 1.75, 1.75, 5.25], "texture": "#0"},
				"up": {"uv": [1.5, 2.25, 1.25, 2], "texture": "#0"},
				"down": {"uv": [1.25, 2, 1, 2.25], "texture": "#0"}
			}
		},
		{
			"name": "cube1",
			"from": [14, -0.72418, 10.92217],
			"to": [15, 13.27582, 11.92217],
			"rotation": {"angle": -22.5, "axis": "x", "origin": [14.5, 6.27582, 11.42217]},
			"faces": {
				"north": {"uv": [1.75, 1.75, 2, 5.25], "texture": "#0"},
				"east": {"uv": [0.75, 2, 1, 5.5], "texture": "#0"},
				"south": {"uv": [0.5, 2, 0.75, 5.5], "texture": "#0"},
				"west": {"uv": [1.5, 1.75, 1.75, 5.25], "texture": "#0"},
				"up": {"uv": [1.5, 2.25, 1.25, 2], "texture": "#0"},
				"down": {"uv": [1.25, 2, 1, 2.25], "texture": "#0"}
			}
		},
		{
			"from": [0, 7, 2],
			"to": [16, 12, 3],
			"rotation": {"angle": 22.5, "axis": "x", "origin": [8, 2.5, 2.5]},
			"faces": {
				"north": {"uv": [5.5, 1.75, 9.5, 3], "texture": "#0"},
				"east": {"uv": [0, 2, 0.25, 3.25], "texture": "#0"},
				"south": {"uv": [2.5, 0, 6.5, 1.25], "texture": "#0"},
				"west": {"uv": [0.25, 2, 0.5, 3.25], "texture": "#0"},
				"up": {"uv": [5.75, 1.75, 1.75, 1.5], "texture": "#0"},
				"down": {"uv": [6.25, 1.25, 2.25, 1.5], "texture": "#0"}
			}
		},
		{
			"from": [0, 5.93327, 10.2001],
			"to": [16, 10.93327, 11.2001],
			"rotation": {"angle": -22.5, "axis": "x", "origin": [7, 10.43327, 9.7001]},
			"faces": {
				"north": {"uv": [2.5, 0, 6.5, 1.25], "texture": "#0"},
				"east": {"uv": [0, 2, 0.25, 3.25], "texture": "#0"},
				"south": {"uv": [5.5, 1.75, 9.5, 3], "texture": "#0"},
				"west": {"uv": [0.25, 2, 0.5, 3.25], "texture": "#0"},
				"up": {"uv": [6.25, 1.5, 2.25, 1.25], "texture": "#0"},
				"down": {"uv": [5.75, 1.5, 1.75, 1.75], "texture": "#0"}
			}
		},
		{
			"from": [13.5, 12.5, 7.25],
			"to": [15.5, 13.5, 9.25],
			"rotation": {"angle": 0, "axis": "y", "origin": [0, 0, 2]},
			"faces": {
				"north": {"uv": [1.75, 0.75, 2.25, 1], "texture": "#0"},
				"east": {"uv": [1, 1.75, 1.5, 2], "texture": "#0"},
				"south": {"uv": [1.75, 1, 2.25, 1.25], "texture": "#0"},
				"west": {"uv": [1.75, 1.25, 2.25, 1.5], "texture": "#0"},
				"up": {"uv": [1.25, 0.5, 0.75, 0], "texture": "#0"},
				"down": {"uv": [1.25, 0.5, 0.75, 1], "texture": "#0"}
			}
		},
		{
			"from": [13, 13, 6.75],
			"to": [16, 13.5, 9.75],
			"rotation": {"angle": 0, "axis": "y", "origin": [0, 0, 2]},
			"faces": {
				"north": {"uv": [1, 1.5, 1.75, 1.75], "texture": "#0"},
				"east": {"uv": [1.75, 0, 2.5, 0.25], "texture": "#0"},
				"south": {"uv": [1.75, 0.25, 2.5, 0.5], "texture": "#0"},
				"west": {"uv": [1.75, 0.5, 2.5, 0.75], "texture": "#0"},
				"up": {"uv": [0.75, 0.75, 0, 0], "texture": "#0"},
				"down": {"uv": [0.75, 0.75, 0, 1.5], "texture": "#0"}
			}
		},
		{
			"from": [13.5, 13.5, 7.25],
			"to": [15.5, 15.75, 9.25],
			"rotation": {"angle": 0, "axis": "y", "origin": [0, 0, 2]},
			"faces": {
				"north": {"uv": [0.75, 1, 1.25, 1.5], "texture": "#0"},
				"east": {"uv": [1.25, 0, 1.75, 0.5], "texture": "#0"},
				"south": {"uv": [1.25, 0.5, 1.75, 1], "texture": "#0"},
				"west": {"uv": [1.25, 1, 1.75, 1.5], "texture": "#0"},
				"up": {"uv": [0.5, 2, 0, 1.5], "texture": "#0"},
				"down": {"uv": [1, 1.5, 0.5, 2], "texture": "#0"}
			}
		},
		{
			"from": [0.5, 12.5, 7.25],
			"to": [2.5, 13.5, 9.25],
			"rotation": {"angle": 0, "axis": "y", "origin": [1.5, 13.8125, 8.25]},
			"faces": {
				"north": {"uv": [0, 0, 0.5, 0.25], "texture": "#0"},
				"east": {"uv": [0, 0, 0.5, 0.25], "texture": "#0"},
				"south": {"uv": [0, 0, 0.5, 0.25], "texture": "#0"},
				"west": {"uv": [0, 0, 0.5, 0.25], "texture": "#0"},
				"up": {"uv": [0, 0, 0.5, 0.5], "rotation": 270, "texture": "#0"},
				"down": {"uv": [0, 0, 0.5, 0.5], "rotation": 90, "texture": "#0"}
			}
		},
		{
			"from": [0, 13, 6.75],
			"to": [3, 13.5, 9.75],
			"rotation": {"angle": 0, "axis": "y", "origin": [1.5, 13.8125, 8.25]},
			"faces": {
				"north": {"uv": [0, 0, 0.75, 0.125], "texture": "#0"},
				"east": {"uv": [0, 0, 0.75, 0.125], "texture": "#0"},
				"south": {"uv": [0, 0, 0.75, 0.125], "texture": "#0"},
				"west": {"uv": [0, 0, 0.75, 0.125], "texture": "#0"},
				"up": {"uv": [0, 0, 0.75, 0.75], "rotation": 270, "texture": "#0"},
				"down": {"uv": [0, 0, 0.75, 0.75], "rotation": 90, "texture": "#0"}
			}
		},
		{
			"from": [0.5, 13.5, 7.25],
			"to": [2.5, 15.75, 9.25],
			"rotation": {"angle": 0, "axis": "y", "origin": [1.5, 13.8125, 8.25]},
			"faces": {
				"north": {"uv": [0.75, 1, 1.25, 1.5], "texture": "#0"},
				"east": {"uv": [1.25, 0, 1.75, 0.5], "texture": "#0"},
				"south": {"uv": [1.25, 0.5, 1.75, 1], "texture": "#0"},
				"west": {"uv": [1.25, 1, 1.75, 1.5], "texture": "#0"},
				"up": {"uv": [0, 1.5, 0.5, 2], "rotation": 270, "texture": "#0"},
				"down": {"uv": [0, 0, 0.5, 0.5], "rotation": 90, "texture": "#0"}
			}
		}
	],
	"display": {
		"firstperson_righthand": {
			"rotation": [0, -19.5, 0],
			"translation": [-1.75, 3.25, 0],
			"scale": [0.55273, 0.55273, 0.55273]
		},
		"ground": {
			"translation": [0, 4.25, 0]
		}
	},
	"groups": [
		{
			"name": "main",
			"origin": [0, 0, 0],
			"color": 0,
			"children": [
				{
					"name": "group",
					"origin": [8, 8, 8],
					"color": 0,
					"children": [0, 1]
				},
				{
					"name": "group",
					"origin": [8, 8, 8],
					"color": 0,
					"children": [2, 3]
				},
				4,
				5,
				{
					"name": "light",
					"origin": [0, 0, 0],
					"color": 0,
					"children": [6, 7, 8]
				},
				{
					"name": "light2",
					"origin": [0, 0, 0],
					"color": 0,
					"children": [9, 10, 11]
				}
			]
		}
	]
}