{
	"format_version": "1.21.1",
	"credit": "Made with Blockbench",
	"textures": {
		"0": "minecraft:item/custom/texture",
		"particle": "minecraft:item/custom/texture"
	},
	"elements": [
		{
			"from": [2, 0, 1],
			"to": [14, 2.5, 15],
			"rotation": {"angle": 0, "axis": "y", "origin": [4, 0, 5]},
			"faces": {
				"north": {"uv": [0, 0, 2, 2], "texture": "#0"},
				"east": {"uv": [0, 2, 2, 4], "texture": "#0"},
				"south": {"uv": [2, 0, 4, 2], "texture": "#0"},
				"west": {"uv": [2, 2, 4, 4], "texture": "#0"},
				"up": {"uv": [2, 6, 0, 4], "texture": "#0"},
				"down": {"uv": [6, 0, 4, 2], "texture": "#0"}
			}
		},
		{
			"from": [3, 1, 12],
			"to": [13, 3, 14],
			"rotation": {"angle": 0, "axis": "y", "origin": [3, 1, 12]},
			"faces": {
				"north": {"uv": [12, 1, 16, 3], "texture": "#0"},
				"east": {"uv": [0, 0, 2, 2], "texture": "#0"},
				"south": {"uv": [0, 0, 10, 2], "texture": "#0"},
				"west": {"uv": [0, 0, 2, 2], "texture": "#0"},
				"up": {"uv": [12, 0, 15, 3], "texture": "#0"},
				"down": {"uv": [0, 0, 10, 2], "texture": "#0"}
			}
		},
		{
			"from": [11, 2, 9],
			"to": [13, 2.75, 11],
			"rotation": {"angle": 0, "axis": "y", "origin": [10, 2, 9]},
			"color": 5,
			"faces": {
				"north": {"uv": [0, 1.25, 2, 2], "texture": "#missing"},
				"east": {"uv": [0, 1.25, 2, 2], "texture": "#missing"},
				"south": {"uv": [1, 1.25, 3, 2], "texture": "#missing"},
				"west": {"uv": [0, 1.25, 2, 2], "texture": "#missing"},
				"up": {"uv": [1, 0, 3, 2], "texture": "#missing"},
				"down": {"uv": [1, 0, 3, 2], "texture": "#missing"}
			}
		},
		{
			"from": [8, 2, 9],
			"to": [10, 2.75, 11],
			"rotation": {"angle": 0, "axis": "y", "origin": [7, 2, 9]},
			"color": 5,
			"faces": {
				"north": {"uv": [0, 1.25, 2, 2], "texture": "#missing"},
				"east": {"uv": [0, 1.25, 2, 2], "texture": "#missing"},
				"south": {"uv": [1, 1.25, 3, 2], "texture": "#missing"},
				"west": {"uv": [0, 1.25, 2, 2], "texture": "#missing"},
				"up": {"uv": [1, 0, 3, 2], "texture": "#missing"},
				"down": {"uv": [1, 0, 3, 2], "texture": "#missing"}
			}
		},
		{
			"from": [5, 2, 9],
			"to": [7, 2.75, 11],
			"rotation": {"angle": 0, "axis": "y", "origin": [4, 2, 9]},
			"color": 5,
			"faces": {
				"north": {"uv": [0, 1.25, 2, 2], "texture": "#missing"},
				"east": {"uv": [0, 1.25, 2, 2], "texture": "#missing"},
				"south": {"uv": [1, 1.25, 3, 2], "texture": "#missing"},
				"west": {"uv": [0, 1.25, 2, 2], "texture": "#missing"},
				"up": {"uv": [1, 0, 3, 2], "texture": "#missing"},
				"down": {"uv": [1, 0, 3, 2], "texture": "#missing"}
			}
		},
		{
			"from": [5, 2, 6],
			"to": [7, 2.75, 8],
			"rotation": {"angle": 0, "axis": "y", "origin": [4, 2, 6]},
			"color": 5,
			"faces": {
				"north": {"uv": [0, 1.25, 2, 2], "texture": "#missing"},
				"east": {"uv": [0, 1.25, 2, 2], "texture": "#missing"},
				"south": {"uv": [1, 1.25, 3, 2], "texture": "#missing"},
				"west": {"uv": [0, 1.25, 2, 2], "texture": "#missing"},
				"up": {"uv": [1, 0, 3, 2], "texture": "#missing"},
				"down": {"uv": [1, 0, 3, 2], "texture": "#missing"}
			}
		},
		{
			"from": [8, 2, 6],
			"to": [10, 2.75, 8],
			"rotation": {"angle": 0, "axis": "y", "origin": [7, 2, 6]},
			"color": 5,
			"faces": {
				"north": {"uv": [0, 1.25, 2, 2], "texture": "#missing"},
				"east": {"uv": [0, 1.25, 2, 2], "texture": "#missing"},
				"south": {"uv": [1, 1.25, 3, 2], "texture": "#missing"},
				"west": {"uv": [0, 1.25, 2, 2], "texture": "#missing"},
				"up": {"uv": [1, 0, 3, 2], "texture": "#missing"},
				"down": {"uv": [1, 0, 3, 2], "texture": "#missing"}
			}
		},
		{
			"from": [11, 2, 6],
			"to": [13, 2.75, 8],
			"rotation": {"angle": 0, "axis": "y", "origin": [10, 2, 6]},
			"color": 5,
			"faces": {
				"north": {"uv": [0, 1.25, 2, 2], "texture": "#missing"},
				"east": {"uv": [0, 1.25, 2, 2], "texture": "#missing"},
				"south": {"uv": [1, 1.25, 3, 2], "texture": "#missing"},
				"west": {"uv": [0, 1.25, 2, 2], "texture": "#missing"},
				"up": {"uv": [1, 0, 3, 2], "texture": "#missing"},
				"down": {"uv": [1, 0, 3, 2], "texture": "#missing"}
			}
		},
		{
			"from": [11, 2, 3],
			"to": [13, 2.75, 5],
			"rotation": {"angle": 0, "axis": "y", "origin": [10, 2, 3]},
			"color": 5,
			"faces": {
				"north": {"uv": [0, 1.25, 2, 2], "texture": "#missing"},
				"east": {"uv": [0, 1.25, 2, 2], "texture": "#missing"},
				"south": {"uv": [1, 1.25, 3, 2], "texture": "#missing"},
				"west": {"uv": [0, 1.25, 2, 2], "texture": "#missing"},
				"up": {"uv": [1, 0, 3, 2], "texture": "#missing"},
				"down": {"uv": [1, 0, 3, 2], "texture": "#missing"}
			}
		},
		{
			"from": [8, 2, 3],
			"to": [10, 2.75, 5],
			"rotation": {"angle": 0, "axis": "y", "origin": [7, 2, 3]},
			"color": 5,
			"faces": {
				"north": {"uv": [0, 1.25, 2, 2], "texture": "#missing"},
				"east": {"uv": [0, 1.25, 2, 2], "texture": "#missing"},
				"south": {"uv": [1, 1.25, 3, 2], "texture": "#missing"},
				"west": {"uv": [0, 1.25, 2, 2], "texture": "#missing"},
				"up": {"uv": [1, 0, 3, 2], "texture": "#missing"},
				"down": {"uv": [1, 0, 3, 2], "texture": "#missing"}
			}
		},
		{
			"from": [5, 2, 3],
			"to": [7, 2.75, 5],
			"rotation": {"angle": 0, "axis": "y", "origin": [4, 2, 3]},
			"color": 5,
			"faces": {
				"north": {"uv": [0, 1.25, 2, 2], "texture": "#missing"},
				"east": {"uv": [0, 1.25, 2, 2], "texture": "#missing"},
				"south": {"uv": [1, 1.25, 3, 2], "texture": "#missing"},
				"west": {"uv": [0, 1.25, 2, 2], "texture": "#missing"},
				"up": {"uv": [1, 0, 3, 2], "texture": "#missing"},
				"down": {"uv": [1, 0, 3, 2], "texture": "#missing"}
			}
		},
		{
			"from": [3, 2, 3],
			"to": [4, 2.75, 11],
			"rotation": {"angle": 0, "axis": "y", "origin": [2, 2, 3]},
			"color": 5,
			"faces": {
				"north": {"uv": [1, 1.25, 2, 2], "texture": "#missing"},
				"east": {"uv": [0, 1.25, 8, 2], "texture": "#missing"},
				"south": {"uv": [1, 1.25, 2, 2], "texture": "#missing"},
				"west": {"uv": [0, 1.25, 8, 2], "texture": "#missing"},
				"up": {"uv": [1, 0, 2, 8], "texture": "#missing"},
				"down": {"uv": [1, 0, 2, 8], "texture": "#missing"}
			}
		}
	],
	"display": {
		"thirdperson_righthand": {
			"rotation": [-81, 0, 86],
			"translation": [-3.75, 1, 0],
			"scale": [0.65, 0.65, 0.65]
		},
		"firstperson_righthand": {
			"rotation": [77.5, -180, 0],
			"translation": [3.75, 4, 5.25]
		},
		"firstperson_lefthand": {
			"rotation": [67, 180, -2],
			"translation": [5.75, 6.25, 1.75]
		},
		"ground": {
			"translation": [0, 4.75, 0]
		},
		"gui": {
			"rotation": [90, 180, 0]
		},
		"head": {
			"translation": [0, 14.25, 0]
		},
		"fixed": {
			"rotation": [-90, 0, 0],
			"translation": [0, 0, -7.5]
		}
	}
}